[
    {
        "name": "698275697749_2021_04_19_19_36_58_112196_DownloadedFiles",
        "date": "2021-04-19",
        "time": "19:36:55",
        "action": "Received",
        "Performed": "From Raj Mendhe"
    },
    {
        "name": "698275697749_2021_04_19_19_39_11_877515_DownloadedFiles",
        "date": "2021-04-19",
        "time": "19:39:11",
        "action": "Received",
        "Performed": "From Raj Mendhe"
    },
    {
        "name": "698275697749_2021_04_19_19_39_15_893250_DownloadedFiles",
        "date": "2021-04-19",
        "time": "19:39:15",
        "action": "Received",
        "Performed": "From Raj Mendhe"
    },
    {
        "name": "698275697749_2021_04_21_21_58_07_090586_DownloadedFiles",
        "date": "2021-04-21",
        "time": "21:58:06",
        "action": "Received",
        "Performed": "From Raj Mendhe"
    },
    {
        "name": "698275697749_2021_04_21_22_07_24_108571_DownloadedFiles",
        "date": "2021-04-21",
        "time": "22:07:24",
        "action": "Received",
        "Performed": "From Raj Mendhe"
    },
    {
        "name": "698275697749_2021_04_21_22_08_41_999911_DownloadedFiles",
        "date": "2021-04-21",
        "time": "22:08:41",
        "action": "Received",
        "Performed": "From Raj Mendhe"
    },
    {
        "name": "698275697749_2021_04_21_23_39_27_743636_DownloadedFiles",
        "date": "2021-04-21",
        "time": "23:39:27",
        "action": "Received",
        "Performed": "From Raj Mendhe"
    },
    {
        "name": "698275697749_2021_04_22_00_20_31_273918_DownloadedFiles",
        "date": "2021-04-22",
        "time": "00:20:31",
        "action": "Received",
        "Performed": "From Raj Mendhe"
    },
    {
        "name": "698275697749_2021_04_22_00_23_54_649540_DownloadedFiles",
        "date": "2021-04-22",
        "time": "00:23:54",
        "action": "Received",
        "Performed": "From Raj Mendhe"
    }
]