[
    {
        "name": "Pan",
        "date": "2021-07-11",
        "time": "21:06:55",
        "action": "uploaded",
        "Performed": "By You."
    },
    {
        "name": "Pan",
        "date": "2021-07-11",
        "time": "21:06:59",
        "action": "deleted",
        "Performed": "By You."
    },
    {
        "name": "Pan",
        "date": "2021-07-11",
        "time": "21:07:03",
        "action": "uploaded",
        "Performed": "By You."
    },
    {
        "name": "Pangcffggfdgf",
        "date": "2021-07-11",
        "time": "21:07:14",
        "action": "uploaded",
        "Performed": "By You."
    },
    {
        "name": "Pangcffggfdgf",
        "date": "2021-07-11",
        "time": "21:07:16",
        "action": "deleted",
        "Performed": "By You."
    },
    {
        "name": "Pan",
        "date": "2021-07-11",
        "time": "21:07:18",
        "action": "deleted",
        "Performed": "By You."
    },
    {
        "name": "doc",
        "date": "2021-07-11",
        "time": "21:11:53",
        "action": "uploaded",
        "Performed": "By You."
    },
    {
        "name": "doc",
        "date": "2021-07-11",
        "time": "21:12:14",
        "action": "Sended",
        "Performed": "TO Ravi Mendhe"
    },
    {
        "name": "doc",
        "date": "2021-07-11",
        "time": "21:12:20",
        "action": "Sended",
        "Performed": "TO Ravi Mendhe"
    }
]