[
    {
        "name": "Pan",
        "date": "2021-04-04",
        "time": "17:03:18",
        "action": "uploaded",
        "Performed": "By You."
    },
    {
        "name": "Pan1",
        "date": "2021-04-04",
        "time": "17:03:44",
        "action": "uploaded",
        "Performed": "By You."
    },
    {
        "name": "Pan12",
        "date": "2021-04-04",
        "time": "17:09:23",
        "action": "uploaded",
        "Performed": "By You."
    },
    {
        "name": "rr",
        "date": "2021-04-04",
        "time": "17:13:07",
        "action": "uploaded",
        "Performed": "By You."
    },
    {
        "name": "kk",
        "date": "2021-04-04",
        "time": "17:41:31",
        "action": "uploaded",
        "Performed": "By You."
    },
    {
        "name": "dd",
        "date": "2021-04-04",
        "time": "17:45:04",
        "action": "uploaded",
        "Performed": "By You."
    },
    {
        "name": "fg",
        "date": "2021-04-04",
        "time": "17:51:36",
        "action": "uploaded",
        "Performed": "By You."
    },
    {
        "name": "fg1",
        "date": "2021-04-04",
        "time": "17:54:39",
        "action": "uploaded",
        "Performed": "By You."
    },
    {
        "name": "Pan55",
        "date": "2021-04-04",
        "time": "17:59:26",
        "action": "uploaded",
        "Performed": "By You."
    },
    {
        "name": "jj",
        "date": "2021-04-04",
        "time": "18:02:46",
        "action": "uploaded",
        "Performed": "By You."
    },
    {
        "name": "jj425",
        "date": "2021-04-04",
        "time": "18:03:10",
        "action": "uploaded",
        "Performed": "By You."
    },
    {
        "name": "Pan",
        "date": "2021-04-04",
        "time": "20:36:42",
        "action": "deleted",
        "Performed": "By You."
    },
    {
        "name": "Pan1",
        "date": "2021-04-04",
        "time": "20:39:59",
        "action": "deleted",
        "Performed": "By You."
    },
    {
        "name": "Pan12",
        "date": "2021-04-04",
        "time": "20:40:16",
        "action": "deleted",
        "Performed": "By You."
    },
    {
        "name": "rr",
        "date": "2021-04-04",
        "time": "20:40:17",
        "action": "deleted",
        "Performed": "By You."
    },
    {
        "name": "kk",
        "date": "2021-04-04",
        "time": "20:40:18",
        "action": "deleted",
        "Performed": "By You."
    },
    {
        "name": "dd",
        "date": "2021-04-04",
        "time": "20:40:19",
        "action": "deleted",
        "Performed": "By You."
    },
    {
        "name": "fg",
        "date": "2021-04-04",
        "time": "20:40:20",
        "action": "deleted",
        "Performed": "By You."
    },
    {
        "name": "fg1",
        "date": "2021-04-04",
        "time": "20:40:21",
        "action": "deleted",
        "Performed": "By You."
    },
    {
        "name": "Pan",
        "date": "2021-04-04",
        "time": "20:40:40",
        "action": "uploaded",
        "Performed": "By You."
    },
    {
        "name": "Pan55",
        "date": "2021-04-05",
        "time": "16:21:43",
        "action": "deleted",
        "Performed": "By You."
    }
]