[
    {
        "name": "Pan",
        "date": "2021-04-02",
        "time": "22:07:36",
        "action": "uploaded"
    },
    {
        "name": "Raj",
        "date": "2021-04-03",
        "time": "14:50:06",
        "action": "uploaded"
    },
    {
        "name": "Ravi",
        "date": "2021-04-03",
        "time": "14:51:49",
        "action": "uploaded"
    },
    {
        "name": "Ravi",
        "date": "2021-04-03",
        "time": "15:03:43",
        "action": "uploaded"
    },
    {
        "name": "Raj",
        "date": "2021-04-03",
        "time": "15:06:29",
        "action": "uploaded"
    },
    {
        "name": "pan",
        "date": "2021-04-03",
        "time": "15:08:43",
        "action": "uploaded"
    },
    {
        "name": "Raj",
        "date": "2021-04-03",
        "time": "16:22:19",
        "action": "uploaded"
    },
    {
        "name": "Raj",
        "date": "2021-04-03",
        "time": "16:23:54",
        "action": "Sended"
    },
    {
        "name": "Ravi",
        "date": "2021-04-03",
        "time": "16:33:53",
        "action": "uploaded"
    },
    {
        "name": "Aadar",
        "date": "2021-04-03",
        "time": "16:42:35",
        "action": "uploaded"
    }
]