[
    {
        "name": "109677101076_2021_04_04_19_48_08_764069_DownloadedFiles",
        "date": "2021-04-04",
        "time": "19:48:08",
        "action": "Received",
        "Performed": "From Ravi Mendhe"
    },
    {
        "name": "109677101076_2021_04_04_20_01_33_431809_DownloadedFiles",
        "date": "2021-04-04",
        "time": "20:01:33",
        "action": "Received",
        "Performed": "From Ravi Mendhe"
    },
    {
        "name": "109677101076_2021_04_04_20_09_49_572893_DownloadedFiles",
        "date": "2021-04-04",
        "time": "20:09:49",
        "action": "Received",
        "Performed": "From Ravi Mendhe"
    },
    {
        "name": "109677101076_2021_04_04_20_14_10_384817_DownloadedFiles",
        "date": "2021-04-04",
        "time": "20:14:10",
        "action": "Received",
        "Performed": "From Ravi Mendhe"
    },
    {
        "name": "109677101076_2021_04_05_16_43_03_301569_DownloadedFiles",
        "date": "2021-04-05",
        "time": "16:43:03",
        "action": "Received",
        "Performed": "From Ravi Mendhe"
    },
    {
        "name": "109677101076_2021_04_07_19_08_50_895618_DownloadedFiles",
        "date": "2021-04-07",
        "time": "19:08:50",
        "action": "Received",
        "Performed": "From Ravi Mendhe"
    }
]