[
    {
        "username": "698275697749",
        "email_id": "ravi@gmail.com",
        "name": "Ravi Mendhe",
        "comment": "Because it is not useful",
        "date": "2021-05-02",
        "time": "18:05:31"
    },
    {
        "username": "698275697749",
        "email_id": "ravi@gmail.com",
        "name": "Ravi Mendhe",
        "comment": "Because it is not useful",
        "date": "2021-05-02",
        "time": "18:07:12"
    },
    {
        "username": "698275697749",
        "email_id": "ravi@gmail.com",
        "name": "Ravi Mendhe",
        "comment": "Because it is not useful",
        "date": "2021-05-02",
        "time": "18:09:03"
    },
    {
        "username": null,
        "email_id": "raj.1.mendhe@gmail.com",
        "name": "Raj Mendhe",
        "comment": "delete my account",
        "date": "2021-05-09",
        "time": "00:34:17"
    },
    {
        "username": "698275697749",
        "email_id": "raj.1.mendhe@gmail.com",
        "name": "Raj Mendhe",
        "comment": "delete",
        "date": "2021-05-09",
        "time": "00:47:40"
    },
    {
        "username": "698275697749",
        "email_id": "raj.1.mendhe@gmail.com",
        "name": "Raj Mendhe",
        "comment": "delete",
        "date": "2021-05-09",
        "time": "00:51:50"
    },
    {
        "username": "698275697749",
        "email_id": "raj.1.mendhe@gmail.com",
        "name": "Raj Mendhe",
        "comment": "delete",
        "date": "2021-05-09",
        "time": "00:56:18"
    },
    {
        "username": "377552309593",
        "email_id": "ravimendherv@gmail.com",
        "name": "Ravi Mendhe",
        "comment": "delete",
        "date": "2021-05-09",
        "time": "01:01:00"
    }
]