[
    {
        "email_id": "ravimendherv@gmail.com",
        "name": "Ravi Mendhe",
        "subject": "Feedback",
        "comment": "This Application is Awsome",
        "date": "2021-04-05",
        "time": "19:14:20"
    },
    {
        "email_id": "raj1.mendhe@gmail.com",
        "name": "Raj Mendhe",
        "subject": "Bug Issus",
        "comment": "Your Website is insecure Please try to make secure",
        "date": "2021-04-05",
        "time": "19:30:15"
    },
    {
        "email_id": "raj1.mendhe@gmail.com",
        "name": "Raj Mendhe",
        "subject": "Bug Issus",
        "comment": "Your Website is insecure Please try to make secure",
        "date": "2021-04-05",
        "time": "19:38:28"
    },
    {
        "email_id": "raj1.mendhe@gmail.com",
        "name": "Raj Mendhe",
        "subject": "Bug Issus",
        "comment": "Your Website is insecure Please try to make secure",
        "date": "2021-04-05",
        "time": "19:40:43"
    },
    {
        "email_id": "raj1.mendhe@gmail.com",
        "name": "Raj Mendhe",
        "subject": "Bug Issue",
        "comment": "Your Website is insecure Please try to make secure",
        "date": "2021-04-05",
        "time": "19:44:56"
    },
    {
        "email_id": "raj1.mendhe@gmail.com",
        "name": "Raj Mendhe",
        "subject": "Bug Issue",
        "comment": "Your Website is insecure Please try to make secure",
        "date": "2021-04-05",
        "time": "19:45:08"
    },
    {
        "email_id": "raj1.mendhe@gmail.com",
        "name": "Raj",
        "subject": "Feedback",
        "comment": "demo",
        "date": "2021-04-24",
        "time": "01:02:28"
    },
    {
        "email_id": "raj1.mendhe@gmail.com",
        "name": "Raj",
        "subject": "Feedback",
        "comment": "demo",
        "date": "2021-04-24",
        "time": "01:05:22"
    }
]