[
    {
        "name": "698275697749_2021_04_19_19_36_58_112196_DownloadedFiles",
        "date": "2021-04-19",
        "time": "19:36:55",
        "action": "Received",
        "Performed": "From Raj Mendhe"
    },
    {
        "name": "698275697749_2021_04_19_19_39_11_877515_DownloadedFiles",
        "date": "2021-04-19",
        "time": "19:39:11",
        "action": "Received",
        "Performed": "From Raj Mendhe"
    },
    {
        "name": "698275697749_2021_04_19_19_39_15_893250_DownloadedFiles",
        "date": "2021-04-19",
        "time": "19:39:15",
        "action": "Received",
        "Performed": "From Raj Mendhe"
    },
    {
        "name": "698275697749_2021_04_21_21_58_07_090586_DownloadedFiles",
        "date": "2021-04-21",
        "time": "21:58:06",
        "action": "Received",
        "Performed": "From Raj Mendhe"
    },
    {
        "name": "698275697749_2021_04_21_22_07_24_108571_DownloadedFiles",
        "date": "2021-04-21",
        "time": "22:07:24",
        "action": "Received",
        "Performed": "From Raj Mendhe"
    },
    {
        "name": "698275697749_2021_04_21_22_08_41_999911_DownloadedFiles",
        "date": "2021-04-21",
        "time": "22:08:41",
        "action": "Received",
        "Performed": "From Raj Mendhe"
    },
    {
        "name": "698275697749_2021_04_21_23_39_27_743636_DownloadedFiles",
        "date": "2021-04-21",
        "time": "23:39:27",
        "action": "Received",
        "Performed": "From Raj Mendhe"
    },
    {
        "name": "698275697749_2021_04_22_00_20_31_273918_DownloadedFiles",
        "date": "2021-04-22",
        "time": "00:20:31",
        "action": "Received",
        "Performed": "From Raj Mendhe"
    },
    {
        "name": "698275697749_2021_04_22_00_23_54_649540_DownloadedFiles",
        "date": "2021-04-22",
        "time": "00:23:54",
        "action": "Received",
        "Performed": "From Raj Mendhe"
    },
    {
        "name": "698275697749_2021_06_06_09_53_08_451507_DownloadedFiles",
        "date": "2021-06-06",
        "time": "09:53:08",
        "action": "Received",
        "Performed": "From Raj Mendhe"
    },
    {
        "name": "698275697749_2021_07_10_21_44_59_074886_DownloadedFiles",
        "date": "2021-07-10",
        "time": "21:44:58",
        "action": "Received",
        "Performed": "From Raj Mendhe"
    },
    {
        "name": "698275697749_2021_07_10_22_11_52_264863_DownloadedFiles",
        "date": "2021-07-10",
        "time": "22:11:52",
        "action": "Received",
        "Performed": "From Raj Mendhe"
    },
    {
        "name": "698275697749_2021_07_10_22_19_54_676018_DownloadedFiles",
        "date": "2021-07-10",
        "time": "22:19:54",
        "action": "Received",
        "Performed": "From Raj Mendhe"
    },
    {
        "name": "698275697749_2021_07_11_18_28_49_165254_DownloadedFiles",
        "date": "2021-07-11",
        "time": "18:28:48",
        "action": "Received",
        "Performed": "From Raj Mendhe"
    },
    {
        "name": "346704150848_2021_07_11_21_12_14_763776_DownloadedFiles",
        "date": "2021-07-11",
        "time": "21:12:14",
        "action": "Received",
        "Performed": "From Pranita Mendhe"
    },
    {
        "name": "346704150848_2021_07_11_21_12_20_264464_DownloadedFiles",
        "date": "2021-07-11",
        "time": "21:12:20",
        "action": "Received",
        "Performed": "From Pranita Mendhe"
    },
    {
        "name": "698275697749_2021_09_28_15_00_44_107230_DownloadedFiles",
        "date": "2021-09-28",
        "time": "15:00:43",
        "action": "Received",
        "Performed": "From Raj Mendhe"
    },
    {
        "name": "698275697749_2021_09_28_15_00_49_089802_DownloadedFiles",
        "date": "2021-09-28",
        "time": "15:00:48",
        "action": "Received",
        "Performed": "From Raj Mendhe"
    },
    {
        "name": "698275697749_2021_09_28_15_10_32_558309_DownloadedFiles",
        "date": "2021-09-28",
        "time": "15:10:32",
        "action": "Received",
        "Performed": "From Raj Mendhe"
    },
    {
        "name": "698275697749_2021_09_28_15_12_20_947566_DownloadedFiles",
        "date": "2021-09-28",
        "time": "15:12:20",
        "action": "Received",
        "Performed": "From Raj Mendhe"
    },
    {
        "name": "698275697749_2021_09_28_15_26_37_813194_DownloadedFiles",
        "date": "2021-09-28",
        "time": "15:26:37",
        "action": "Received",
        "Performed": "From Raj Mendhe"
    },
    {
        "name": "698275697749_2021_09_28_15_28_15_129275_DownloadedFiles",
        "date": "2021-09-28",
        "time": "15:28:15",
        "action": "Received",
        "Performed": "From Raj Mendhe"
    },
    {
        "name": "698275697749_2021_09_28_15_38_36_368624_DownloadedFiles",
        "date": "2021-09-28",
        "time": "15:38:36",
        "action": "Received",
        "Performed": "From Raj Mendhe"
    },
    {
        "name": "698275697749_2021_09_30_20_25_49_476887_DownloadedFiles",
        "date": "2021-09-30",
        "time": "20:25:49",
        "action": "Received",
        "Performed": "From Raj Mendhe"
    },
    {
        "name": "698275697749_2021_10_02_20_56_52_980709_DownloadedFiles",
        "date": "2021-10-02",
        "time": "20:56:52",
        "action": "Received",
        "Performed": "From Raj Mendhe"
    },
    {
        "name": "698275697749_2021_10_02_23_46_56_969108_DownloadedFiles",
        "date": "2021-10-02",
        "time": "23:46:56",
        "action": "Received",
        "Performed": "From Raj Mendhe"
    },
    {
        "name": "698275697749_2021_10_02_23_52_08_511457_DownloadedFiles",
        "date": "2021-10-02",
        "time": "23:52:07",
        "action": "Received",
        "Performed": "From Raj Mendhe"
    },
    {
        "name": "698275697749_2021_10_03_00_03_39_627898_DownloadedFiles",
        "date": "2021-10-03",
        "time": "00:03:39",
        "action": "Received",
        "Performed": "From Raj Mendhe"
    },
    {
        "name": "698275697749_2021_10_03_18_51_21_957536_DownloadedFiles",
        "date": "2021-10-03",
        "time": "18:51:21",
        "action": "Received",
        "Performed": "From Raj Mendhe"
    },
    {
        "name": "698275697749_2021_10_03_18_54_39_956693_DownloadedFiles",
        "date": "2021-10-03",
        "time": "18:54:39",
        "action": "Received",
        "Performed": "From Raj Mendhe"
    },
    {
        "name": "698275697749_2021_10_03_19_33_14_689128_DownloadedFiles",
        "date": "2021-10-03",
        "time": "19:33:14",
        "action": "Received",
        "Performed": "From Raj Mendhe"
    },
    {
        "name": "698275697749_2021_10_03_20_32_17_460468_DownloadedFiles",
        "date": "2021-10-03",
        "time": "20:32:17",
        "action": "Received",
        "Performed": "From Raj Mendhe"
    },
    {
        "name": "698275697749_2021_10_03_20_56_32_342087_DownloadedFiles",
        "date": "2021-10-03",
        "time": "20:56:32",
        "action": "Received",
        "Performed": "From Raj Mendhe"
    },
    {
        "name": "698275697749_2021_10_03_20_57_38_826252_DownloadedFiles",
        "date": "2021-10-03",
        "time": "20:57:38",
        "action": "Received",
        "Performed": "From Raj Mendhe"
    },
    {
        "name": "698275697749_2021_10_03_20_58_48_859857_DownloadedFiles",
        "date": "2021-10-03",
        "time": "20:58:48",
        "action": "Received",
        "Performed": "From Raj Mendhe"
    }
]