[
    {
        "name": "698275697749_2021_10_03_20_58_48_859857_DownloadedFiles",
        "date": "2021-10-03",
        "time": "20:58:48",
        "path": "/media/P%3A/updeted/rv/DocCard/resouces/698275697749/698275697749_2021_10_03_20_58_48_859857_DownloadedFiles.zip",
        "from": "Raj Mendhe(698275697749)"
    },
    {
        "name": "Notification_From_Raj_Mendhe_(698275697749)_2021-10-03_22:32:18",
        "date": "2021-10-03",
        "time": "22:32:18",
        "path": "",
        "from": "698275697749"
    },
    {
        "name": "Notification_From_Raj_Mendhe_(698275697749)_2021-10-04_00:02:17",
        "date": "2021-10-04",
        "time": "00:02:17",
        "path": "",
        "from": "698275697749"
    }
]