{"token": "ya29.A0AfH6SMDGxu-uXAbczA5-FiTR8CQwjPxv4_xsHl9juBlDRu6BFJMqdr_rjphge3Evm-Jsz4ICb2KeVnT7J7nQKaysAgldR1-2_4EEQ9_IpueoE-Y2_QsE28DdE1LVuFqS9BKok4K9OYDPI2NfeunbQP_Yfd75", 
    "refresh_token": "1//0geDChuHVo5Q9CgYIARAAGBASNwF-L9IrTKM64ed3oLa2XkOwXQA47pLv4m4_ZFReLIaJF1TTHS7S3DHmr2lEuoe0v3IrP5_SJBw", 
    "token_uri": "https://oauth2.googleapis.com/token", 
    "client_id": "824296591187-j8d229omlvq195esp88230bji2cdqvd1.apps.googleusercontent.com",
     "client_secret": "sz0GsN5NN3a1gkiRgNBMyk0y", 
     "scopes": ["https://www.googleapis.com/auth/gmail.readonly"], 
     "expiry": "2021-02-18T12:39:33.597690Z"}